{
  "seed": 42,
  "initial_weights": [
    [
      0.3553957162173218,
      -0.5756479708752863,
      0.9579802315878423,
      3.9089174126952715,
      0.8820180689891703,
      3.919736855935015,
      -0.18005551676349488,
      -0.7570076079541729,
      0.7579219457796753,
      -0.8474123629358903,
      0.8973799373588631,
      0.8579635615983382,
      3.5183043588298766,
      0.5905036062904654,
      3.9149590474011724,
      4.298108376835649,
      4.666388168090051,
      -0.6760304714575888,
      -0.19947390301498819,
      3.9207381361632727,
      -0.5756479708753015
    ],
    [
      -0.5800995848975816,
      -0.08324039754616117,
      2.3684627714594293,
      1.6519410129088863,
      -0.36234279665691455,
      1.648314020792908,
      1.372606648018045,
      0.6573269610890727,
      -0.4778422821283222,
      0.37239064374959946,
      -0.17759068378891177,
      -0.31414995459408135,
      1.549930829737988,
      -0.5688832026214125,
      1.6533638406629902,
      1.7486031898416894,
      1.8374114547270897,
      -0.01989943840470612,
      -0.45672731153901,
      1.6541948140777833,
      -0.08324039754550222
    ],
    [
      -0.8164412952470073,
      2.54171769072095,
      2.9370864991472287,
      1.759623771661073,
      -1.4716343300130619,
      1.728868328777597,
      1.491961279804886,
      1.8452398995027768,
      -1.2336246800668778,
      1.8100697822797684,
      -1.5257728676746036,
      -1.6158517332710802,
      1.6145539497455959,
      -0.8251564257937645,
      1.7342838659450661,
      1.8384941591563995,
      1.9302484447355255,
      2.2176354108766474,
      -0.2118291879350189,
      1.708654253421713,
      2.5417176907229995
    ],
    [
      -0.8085889655031198,
      2.0712489070933087,
      1.0826801929374028,
      0.32452586405606315,
      -1.4722919103218706,
      0.2998939972534093,
      1.0789167531544352,
      1.7193330951017516,
      -1.230501204833787,
      1.7732112460163243,
      -1.5976461257012122,
      -1.6136078309810313,
      0.29454754038899966,
      -0.8199561828518286,
      0.3039716959782053,
      0.3049445853713806,
      0.2993973630436788,
      2.129270935265095,
      -0.3538950921040803,
      0.28309206165567347,
      2.0712489070963187
    ],
    [
      -0.8062078469361129,
      2.163832377305412,
      0.35769847132519933,
      -0.6241805017320311,
      -1.482265098908061,
      -0.6491198673309179,
      0.8813307341026462,
      1.6912765225574804,
      -1.2347430673444566,
      1.7989291956096731,
      -1.6650203692056804,
      -1.6282705193224791,
      -0.7121918517953706,
      -0.8188129941612348,
      -0.6465013872124885,
      -0.5951681875498762,
      -0.5549257112319517,
      2.195135906455697,
      0.5116975888344069,
      -0.6683129190866256,
      2.1638323773026285
    ],
    [
      1.2082180042962034,
      -0.5948247670994634,
      0.5443465245522361,
      1.853720684629004,
      1.8114606890639608,
      1.8609784619867122,
      -0.0686594669351274,
      -1.2648863671693964,
      1.8520923415974735,
      -1.4168716729593869,
      1.6698607347116512,
      1.6831190395687825,
      1.835360174593001,
      1.1232757504617614,
      1.8600993735121314,
      1.857121429175413,
      1.8320672569939207,
      -0.8037429454381074,
      -0.3077934361861577,
      1.8660887757040403,
      -0.5948247670994917
    ],
    [
      0.21740931924555357,
      -0.5582648879963074,
      0.19099717306702124,
      2.6215108461464482,
      0.4980278069599461,
      2.631683735273672,
      -0.6934553815680857,
      -0.6541645202830191,
      0.3456008955747234,
      -0.5792014376098366,
      0.4734922284167915,
      0.5203699177756941,
      2.529736417599341,
      0.3923081894022476,
      2.62705600310495,
      2.676682084976995,
      2.6836953326177975,
      -0.6001370934010778,
      0.009494945383293527,
      2.6326724188203037,
      -0.5582648879963207
    ],
    [
      -0.46814990643786963,
      -0.18776743449135358,
      0.33780351434891354,
      0.4895757033796415,
      -0.31961105731031103,
      0.4896320225224949,
      0.44913810092982875,
      0.3643436401036237,
      -0.4279603365778896,
      0.28394256507077537,
      -0.2858923622199736,
      -0.25979920943595436,
      0.5431420263745137,
      -0.4515030745292,
      0.4917701775034134,
      0.4339209757970149,
      0.3722276542080525,
      -0.09578066194374696,
      -0.27405661083475646,
      0.49366282858473925,
      -0.1877674344914501
    ],
    [
      -0.581528810127879,
      0.06393858480862112,
      0.07994174374231047,
      -0.5045496373433853,
      -0.5786853916986474,
      -0.5076501134106564,
      0.7036395785873741,
      0.7168160005129203,
      -0.6549170888515103,
      0.6434464441712004,
      -0.6028100876053983,
      -0.5339759794802206,
      -0.5282613071142858,
      -0.575351213018487,
      -0.505262232297144,
      -0.4828730014053072,
      -0.462197740509116,
      0.19539460680600582,
      0.04845552069853608,
      -0.5059058233088968,
      0.06393858480821388
    ],
    [
      -0.6461991673067188,
      1.0492207212344733,
      -0.43891945122751974,
      -0.53830421509825,
      -1.1271722466206342,
      -0.5418937589574196,
      -0.4254783396181584,
      0.8748211950753366,
      -1.0193296535068022,
      1.2636719214725896,
      -1.3791852907279671,
      -1.168078748974423,
      -0.4908535726624698,
      -0.6432372125241751,
      -0.5429059133201238,
      -0.5767321640569514,
      -0.595391520960622,
      1.170563974010992,
      -6.1496090240513785,
      -0.5534789991803064,
      1.049220721237769
    ],
    [
      0.01828850573116346,
      -0.5361512055497106,
      -0.19414785632611564,
      1.5923910261206446,
      0.19189165956240148,
      1.6008320504987963,
      -0.7818072922313679,
      -0.5029406297245355,
      0.09784857882809225,
      -0.39418311804820616,
      0.20852659380334604,
      0.24611872729366666,
      1.65587618224764,
      0.004238404407896107,
      1.5975554583644729,
      1.5046524281333336,
      1.3870094584507757,
      -0.5166348868886906,
      0.14199398043235986,
      1.6029566117759622,
      -0.5361512055497856
    ],
    [
      -0.05719556755408679,
      -0.5367905769661984,
      -0.49545487449756237,
      0.043672564892693166,
      0.1275015416888733,
      0.05032815606959456,
      -0.5826442290437686,
      -0.42837611372662454,
      0.05962314674940822,
      -0.383193233362132,
      0.21707799117880483,
      0.19351983483625035,
      0.16049692125322249,
      -0.12374948862668236,
      0.048990455762341206,
      -0.05106815641188216,
      -0.1373610395213987,
      -0.5124261402054433,
      0.06902975368285671,
      0.0544043932303826,
      -0.5367905769662805
    ],
    [
      0.7057346210950459,
      -0.5679718830202385,
      -0.9859347933607042,
      0.12888853223852414,
      0.4996089069088219,
      0.14046546540183602,
      -1.9194043358696191,
      -1.013313937725411,
      0.43309737786245106,
      -0.6820017656543266,
      0.29907876494705277,
      0.5278439913448096,
      0.2874445546840804,
      0.6833162847189944,
      0.1341459096551899,
      -0.0065178729165847465,
      -0.1284292189455031,
      -0.6214825244093811,
      0.4114439113058549,
      0.13987508537908683,
      -0.5679718830202879
    ],
    [
      -0.05054107863255505,
      -0.5658644582956063,
      0.413047232313063,
      0.6297249977371617,
      0.5887501331697131,
      0.6333050456911227,
      0.38676206693267007,
      -0.45925863861439165,
      0.47963056512777164,
      -0.6845670791508097,
      0.7710056981024396,
      0.6015207116256222,
      0.6731698545551481,
      0.005615348529947169,
      0.6351056915304454,
      0.589604518154823,
      0.5380844783616625,
      -0.626763581089288,
      0.2243809213185383,
      0.6408087766203551,
      -0.565864458295723
