{
  "seed": 42,
  "initial_weights": [
    [
      -0.6335188477248624,
      -0.015471437310847908,
      2.380049039249367,
      1.580821662595745,
      -0.5304400216294769,
      1.5761735931401133,
      1.4615380578581991,
      0.8142169110263906,
      -0.627682912129257,
      0.5374731761954137,
      -0.3281311112232893,
      -0.4767168740232983,
      1.4789713033618983,
      -0.6182771309575282,
      1.5815999609610605,
      1.6794834230240643,
      1.7739846154529015,
      0.07745008895546558,
      -0.49233908425227246,
      1.5817480621306446,
      -0.015471437310639491
    ],
    [
      0.3507182982856666,
      -0.5665331123273046,
      0.3878259437324587,
      3.2680445370582194,
      0.6617267441061043,
      3.279634442240544,
      -0.6686638243791719,
      -0.7514308740284246,
      0.5255761352049169,
      -0.6999011360250716,
      0.6269385446569895,
      0.664486876208859,
      3.041411914100842,
      0.583575007364067,
      3.2739089637569783,
      3.4691583642171286,
      3.6296819106085665,
      -0.6348272467194594,
      -0.14603240369912818,
      3.2796028532974617,
      -0.5665331123273027
    ],
    [
      1.4769405662042914,
      -0.5968658111908287,
      0.4513595428831342,
      1.829553889939355,
      2.017825207151842,
      1.8372849747915547,
      -0.25171783038511925,
      -1.4153874326369777,
      2.0840549635251984,
      -1.518248021268463,
      1.7923284607609966,
      1.8688930595978912,
      1.8294051681935593,
      1.3136669594493158,
      1.8357194895380817,
      1.8080427365907121,
      1.752755579599739,
      -0.824922413743881,
      -0.10383200879716366,
      1.8417300672666244,
      -0.5968658111908629
    ],
    [
      4.5729714617003205,
      -0.6001775767344295,
      -0.7371841540368159,
      0.9056448232264731,
      2.721330964975766,
      0.9181629400226644,
      -1.693742742172542,
      -2.124074417209847,
      3.291578726252501,
      -1.8915538127885576,
      2.2956243467156936,
      2.566547817695769,
      1.036801629802977,
      4.3003073632104085,
      0.9118630509317748,
      0.7735772357166826,
      0.6324929523365905,
      -0.8806210874687687,
      -0.15261557220174754,
      0.9179136329532825,
      -0.6001775767344594
    ],
    [
      3.797340078489482,
      -0.5997735420060908,
      -0.9769652862677,
      -0.7106768331432537,
      2.5927608027556777,
      -0.7010088032018338,
      -1.4295390896844364,
      -2.007489125887614,
      2.991378677984961,
      -1.8243773442349462,
      2.1892252705908617,
      2.4322630939750747,
      -0.6459204171446725,
      3.663124099608094,
      -0.7054421902528258,
      -0.7366552151239373,
      -0.7453614760621953,
      -0.8714308494005908,
      0.8147365653451782,
      -0.6993925116411148,
      -0.5997735420061174
    ],
    [
      -0.8137395050122717,
      2.506053206948104,
      2.7203169951859496,
      1.7738878628093602,
      -1.469738473698263,
      1.7436758897590345,
      1.3698537816888312,
      1.8064399007054768,
      -1.2317944565030572,
      1.7995384864021704,
      -1.5432415953788712,
      -1.6123855882461164,
      1.6412358478093514,
      -0.8233621332682621,
      1.7486618280161985,
      1.8396228715473006,
      1.9176368412042537,
      2.1928580910896502,
      -0.06748871467043577,
      1.7233920237270322,
      2.5060532069483785
    ],
    [
      -0.17977480692775244,
      -0.561477361943005,
      1.7270489263427322,
      1.5999796353566211,
      0.584373967289948,
      1.6025247242972704,
      1.0107143026302805,
      -0.28527413079799085,
      0.45416720487222206,
      -0.6493735564639579,
      0.8433848439831516,
      0.5958230659011656,
      1.5265092697989633,
      -0.16154917293825535,
      1.6061491680694897,
      1.6766542152554638,
      1.7391150258192385,
      -0.6150652575656265,
      -0.36390791667670397,
      1.611801649040162,
      -0.5614773619430387
    ],
    [
      -0.25177352408328624,
      -0.31062186223588384,
      0.2944364959885573,
      1.9439637521700697,
      -0.10973186867215609,
      1.948872333204619,
      -0.33394354879043053,
      -0.048970034862971995,
      -0.23218588319962835,
      0.023499633186164187,
      -0.16139801674000356,
      -0.0522014950567337,
      1.9470156192190677,
      -0.23654511074231627,
      1.9470782329975158,
      1.9087872723301436,
      1.8399831567134959,
      -0.261645161609695,
      -0.01951001738690447,
      1.9502032715656257,
      -0.31062186223596944
    ],
    [
      0.30045737090923913,
      -0.569120377396155,
      -0.3098861935822877,
      1.268723183108683,
      0.5857697510717902,
      1.2774950525814543,
      -0.8512921460600332,
      -0.7835699695675254,
      0.48166883753939077,
      -0.7024149120801911,
      0.5771247000516588,
      0.6016528595364802,
      1.3591911230378237,
      0.2876118145697293,
      1.2742843122175052,
      1.1661435695310431,
      1.0443760168269396,
      -0.6328320155714232,
      0.11208977718180815,
      1.2800195636174962,
      -0.5691203773961783
    ],
    [
      1.9492650810693832,
      -0.5981839944586858,
      -0.4402186524777169,
      -0.17446820760742562,
      2.2497329675410533,
      -0.16743679619047358,
      -0.33377141585983705,
      -1.5639930720858461,
      2.4423114251317126,
      -1.6494228546569372,
      1.982153963952625,
      2.090938383524158,
      -0.11467796175585343,
      1.8360434538912282,
      -0.16823505214627033,
      -0.21401433592357166,
      -0.2527280627706639,
      -0.8443791354717677,
      -0.16473737930562138,
      -0.16220323920278035,
      -0.5981839944587103
    ],
    [
      -0.8051708490965123,
      2.0395360363177364,
      0.9937961625859612,
      0.49335753044880987,
      -1.4658994441626005,
      0.4693269885954108,
      0.9131549015162868,
      1.6727438960463137,
      -1.2292250668515006,
      1.7663069958457183,
      -1.6272859320441722,
      -1.6051832622567919,
      0.49272068988955564,
      -0.8163354859667592,
      0.4730787148030287,
      0.4473972071428482,
      0.41773465327562626,
      2.109533777924985,
      -0.28823158459415427,
      0.4525190524832546,
      2.0395360363212784
    ],
    [
      -0.45077661249878426,
      -0.151276732587599,
      0.40607021929010323,
      0.5386559603390783,
      -0.24502186609544843,
      0.5384163046944772,
      0.4522509372245857,
      0.3437405149600777,
      -0.3757302920525645,
      0.2630075654255231,
      -0.25594035748562444,
      -0.19482393198755793,
      0.5931968573543228,
      -0.4462575954408032,
      0.5405916993792018,
      0.48415235475458585,
      0.426480071786,
      -0.08858014732484026,
      -0.37921879437962847,
      0.5421164033070485,
      -0.15127673258775348
    ],
    [
      -0.08075304940241473,
      -0.5461019081607383,
      -0.5804708983463486,
      -0.8281844640034466,
      0.20421000212795903,
      -0.8222396583180779,
      -0.16153256306858102,
      -0.3751609184731667,
      0.1240640159494759,
      -0.44050776753094856,
      0.3674021122647573,
      0.2646683690247568,
      -0.8460029449537091,
      -0.054382748108595245,
      -0.8228202841634427,
      -0.7892546262890032,
      -0.7511320033189361,
      -0.5404892919534913,
      0.14051401918212478,
      -0.8173136157442497,
      -0.5461019081607628
    ],
    [
      -0.21918576966896258,
      -0.5804309029299171,
      1.7178290759364334,
      -0.26018981721230294,
      0.8685342318379584,
      -0.2582946619884609,
      1.7724251565386144,
      -0.30659645244987477,
      0.7986745445375079,
      -0.8997923314253379,
      1.2175882317747213,
      0.8453403319645438,
      -0.44139694153216946,
      -0.2580474607965051,
      -0.2533941548117528,
      -0.09682933497364006,
      0.029973074866589115,
      -0.6894276584333869,
      -0.8563873543347756,
      -0.24754792177649682,
