{
  "seed": 42,
  "initial_weights": [
    [
      0.0005607828260419126,
      247.2949825672396,
      756455308.4941854,
      16098.894567046575,
      0.20182657785568478,
      62997.870245434846,
      2.366070805719103,
      3.6214753430808257,
      0.00037571420020946324,
      1.2858774822625225,
      0.26017538542801527,
      0.2688054211774768,
      122.9934050561076,
      0.0012546591347365492,
      64151.79317860009,
      17610661.489902675,
      5059327462.748642,
      10.407063072130478,
      -0.0027971532602742008,
      15977.085419729921,
      5.757960714016684e-08
    ],
    [
      0.0006430639051487872,
      209.51085836309355,
      789641978.0816988,
      18150.716349627768,
      0.2132605549090118,
      71183.39647291851,
      2.3409301658796564,
      3.55102242110114,
      0.00038965519154414874,
      1.2416642607870736,
      0.2730343792963426,
      0.28359030672545604,
      131.01563757968813,
      0.001496494120725662,
      72399.38770360479,
      20952636.849176828,
      6318118590.714778,
      9.248780484490283,
      -0.005124436832559924,
      18048.492755719435,
      4.878203670338098e-08
    ],
    [
      0.0008852907037153898,
      125.89673000274179,
      914568178.4216595,
      21914.01533299584,
      0.2578702642691272,
      86205.51410789571,
      2.3219970791430056,
      3.407783327909825,
      0.00046401113357954116,
      1.1246879738678248,
      0.32481355701652964,
      0.3327736345104128,
      144.86834423853148,
      0.0021704786944672437,
      87540.47173943688,
      27462076.566289667,
      8913643022.52752,
      6.470900875863054,
      -0.008442663821465777,
      21854.77552103249,
      2.9313511251029966e-08
    ],
    [
      0.0013991923566068563,
      97.11855625144112,
      970543730.8361937,
      24117.116732783084,
      0.3196128453916119,
      94985.9776201316,
      2.3094224906279828,
      3.2804860560428932,
      0.0006128599526072228,
      1.024364314314023,
      0.37914086663498303,
      0.3876150726084048,
      152.5891829536091,
      0.00341901365641819,
      96384.13161682869,
      31407608.629245415,
      10532419031.48682,
      5.297481512458734,
      -0.009991671342390868,
      24072.94535287423,
      2.2612866047430463e-08
    ],
    [
      0.0019641160503910526,
      111.27690991243715,
      911149998.8677571,
      25164.309330754728,
      0.3724950228661714,
      99146.6281749607,
      2.2761891422173424,
      3.166970896191599,
      0.0007611975872064927,
      0.957289796702384,
      0.4130032289302142,
      0.42913917370149446,
      156.3186527939438,
      0.004769161588238233,
      100557.95996806155,
      33192767.914855145,
      11221783802.710505,
      5.435609309124016,
      -0.0090489075575769,
      25112.891988762392,
      2.590946524685044e-08
    ],
    [
      0.000456246345997091,
      289.663802283581,
      669308345.8493721,
      15613.06811726311,
      0.15035183195081886,
      61034.35520743241,
      2.339247015262068,
      3.714883513002976,
      0.0002585072421179722,
      1.3968803243223784,
      0.19743674938080621,
      0.22055127355038961,
      121.47345689643838,
      0.0010468475327975017,
      62160.94108652161,
      16629446.32337083,
      4626236283.460999,
      11.975779629543633,
      0.002094696789903063,
      15468.768317191641,
      6.744466776098928e-08
    ],
    [
      0.0007039237874930371,
      192.13502404485766,
      651914667.1768641,
      17297.245894948413,
      0.20949943202987412,
      67827.71319813041,
      2.3028594104480193,
      3.5031045996589762,
      0.0003741101791563262,
      1.2303732769166336,
      0.2662869262809303,
      0.28355117280457576,
      128.3359205200809,
      0.001682951760237217,
      68999.56433299163,
      19318232.55028136,
      5608476463.625781,
      8.739534390579033,
      -0.002403860085822495,
      17202.85993636232,
      4.473628654947082e-08
    ],
    [
      0.0009371964887849594,
      110.77911673445738,
      735050097.7210561,
      20062.532342529375,
      0.2656092201068202,
      78886.4862267184,
      2.2886837387916663,
      3.3359632489979036,
      0.00048409309761180953,
      1.0866992232327546,
      0.33236519576271306,
      0.34171393532682903,
      138.72207436663305,
      0.002316187600982734,
      80147.06916168373,
      24017776.12713227,
      7442822450.974537,
      5.972835690281863,
      -0.006926158202658804,
      20010.15626218512,
      2.5793560203693786e-08
    ],
    [
      0.0012579215041050333,
      89.69108682748265,
      854788446.8714185,
      22468.00659930044,
      0.31585643034765765,
      88451.31620083077,
      2.2933669330213817,
      3.247737516672645,
      0.00060088813989508,
      1.0046965051377421,
      0.3799740946795358,
      0.38626449240025595,
      147.12426789325562,
      0.0031111606334268765,
      89790.84627955746,
      28319596.393527433,
      9204681292.213177,
      5.014068454955909,
      -0.006955588279309373,
      22426.438191266763,
      2.0883470784177726e-08
    ],
    [
      0.001603906264979155,
      95.64916781991383,
      867654688.1458367,
      23744.67407887958,
      0.3549364742825716,
      93519.54415878156,
      2.2780579418749847,
      3.1690451540755156,
      0.0007055630921513704,
      0.9505221065024442,
      0.40859846320651105,
      0.4177429191015671,
      151.60847594253448,
      0.003937605455997516,
      94889.98601398549,
      30550365.82066629,
      10092592870.158724,
      4.938149669024207,
      -0.00512879438999163,
      23699.768637506197,
      2.2270736952266894e-08
    ],
    [
      0.0007529897124883969,
      195.34752946960953,
      569311925.8405013,
      15315.444789510146,
      0.21275367003008472,
      59965.27885012582,
      2.298678207516192,
      3.5032011327049553,
      0.00038057611969678995,
      1.2347827906899882,
      0.26318615442882787,
      0.2859666393543492,
      120.8077365175098,
      0.0017750456602179828,
      61066.20916980332,
      16055074.2172933,
      4372484948.708715,
      8.802455243650465,
      0.00019391906060486975,
      15218.659205274551,
      4.548427908197825e-08
    ],
    [
      0.0009354031681122589,
      140.96451101310083,
      540869232.5502553,
      16471.64924131916,
      0.25302561459797857,
      64624.07888313864,
      2.265770339989324,
      3.3519234852330455,
      0.00046402970017688053,
      1.1246540164307943,
      0.3080170458521903,
      0.3275561644736222,
      125.741099117551,
      0.002222009213769042,
      65753.94544230578,
      17805574.745127913,
      4977510250.923275,
      6.90867146707568,
      -0.00910086498532879,
      16404.227569906583,
      3.282185946754606e-08
    ],
    [
      0.0010435525453397442,
      116.74021404364291,
      572662757.5087914,
      17850.542592938247,
      0.2776033216123924,
      70124.77952194757,
      2.2578702046068364,
      3.2809484610216155,
      0.0005164580004373035,
      1.0673214933904203,
      0.33550897120045325,
      0.35162494106416076,
      131.08242550181905,
      0.0025099678945321477,
      71299.49630733972,
      20060541.76150037,
      5823987871.800072,
      6.013538313246517,
      -0.015127716026398053,
      17796.71308951814,
      2.7181528684200187e-08
    ],
    [
      0.0013646181432270027,
      82.11187766297128,
      654969626.8556792,
      19662.375955078252,
      0.3344579234176228,
      77340.08123324811,
      2.259868326632721,
      3.161832520614383,
      0.0006482766150170228,
      0.9554225755192107,
      0.39487849801079633,
      0.403556006494347,
      137.62177756180847,
      0.0033181081563040697,
      78575.10983233881,
      23201218.338279918,
      7066867038.619441,
      4.624069820463456,
      -0.008139402450212434,
      19624.324643550815,
      1.9118744781262432e-08
    ],
    [
