{
  "seed": 42,
  "initial_weights": [
    [
      -0.1401439012848382,
      -0.5199425519116283,
      -0.7481817139296671,
      -0.6136571290548547,
      -0.06715668669884961,
      -0.6071229266098273,
      -0.5494883679518945,
      -0.2914328698000752,
      -0.12501878160594485,
      -0.23050103410642814,
      0.037594408463503065,
      0.01801077022617622,
      -0.5621245118157854,
      -0.11218286961685639,
      -0.6086145293352554,
      -0.6321194695053116,
      -0.6383109931833225,
      -0.452907267798841,
      0.20979640784975376,
      -0.6033702292624398,
      -0.5199425519117128
    ],
    [
      0.42123730471456244,
      -0.5408058418845425,
      -1.1268471056664426,
      -0.48797606589446385,
      0.15263746887312432,
      -0.47701244551039856,
      -1.909181545169329,
      -0.7793298332940691,
      0.08437564617742538,
      -0.4086030523807771,
      -0.04799912304587253,
      0.21788677729168332,
      -0.37169961201377705,
      0.42978333241243843,
      -0.48299079525484145,
      -0.563005608235178,
      -0.61455860947929,
      -0.5243180515116155,
      0.43840932176236,
      -0.4775347332078059,
      -0.5408058418845687
    ],
    [
      -0.22476525985381238,
      -0.5804870449507246,
      1.8703175541100052,
      -0.24124126139068464,
      0.8816567889809023,
      -0.23946746327757046,
      1.8316249203040025,
      -0.29591169958601893,
      0.8108497250139907,
      -0.9037113998208463,
      1.230180492202509,
      0.8563179352682844,
      -0.4341795409161761,
      -0.2558603433784574,
      -0.23444594016859294,
      -0.07034223739689155,
      0.0607364872920585,
      -0.690828907953976,
      -0.862121578511398,
      -0.22859953490409216,
      -0.5804870449507546
    ],
    [
      3.3514666037583516,
      -0.5979851778240811,
      -1.1455503467956676,
      -0.7218299179847641,
      2.193420239618684,
      -0.7048830731315677,
      -1.967460944753083,
      -1.9752596756339393,
      2.3330136352855537,
      -1.6139841526833543,
      1.814253538513443,
      2.0338298828009562,
      -0.6209013280333724,
      4.07828072091287,
      -0.710972675470579,
      -0.7636315417921893,
      -0.7856280729181638,
      -0.8401955010379573,
      -4.708108702870901,
      -0.704940134934253,
      -0.5979851778241166
    ],
    [
      4.043640250227568,
      -0.5996192301940542,
      -1.0540231922282701,
      -0.6319440060914301,
      2.545605366110549,
      -0.6214568770484311,
      -1.7061244730254004,
      -2.0579079533889453,
      2.8989597204608515,
      -1.8024070568837833,
      2.1227417925477368,
      2.3831565056822694,
      -0.5486206589530466,
      3.9710305796024747,
      -0.6268103709754256,
      -0.6747403713019747,
      -0.6975323299585378,
      -0.8680276407501885,
      0.9182647607901455,
      -0.6207619600610436,
      -0.5996192301940805
    ],
    [
      -0.44845436782935766,
      -0.10187172225999104,
      -0.673759163480883,
      -1.3937465857836857,
      -0.3479262053761124,
      -1.3925011583220077,
      0.18742905756088232,
      0.3610936048452849,
      -0.4606393449279011,
      0.3673243189312191,
      -0.41972214353585174,
      -0.29333250001132405,
      -1.552955051743713,
      -0.44470533709967597,
      -1.3930334993723854,
      -1.2450173993476568,
      -1.1126269166737472,
      -0.02218478525774064,
      0.3333823291929709,
      -1.3920068464004023,
      -0.10187172226054454
    ],
    [
      -0.23934332072807865,
      -0.5489298558711704,
      0.00017861640492068676,
      -0.5657066672939549,
      0.25288601274148553,
      -0.5624350624406944,
      0.5756987186197602,
      -0.22706703417628582,
      0.17144559482401622,
      -0.4751715271170899,
      0.5524160054596411,
      0.3071802022640039,
      -0.613206541793457,
      -0.2242797423429147,
      -0.5607607247777341,
      -0.5130950491284607,
      -0.4722600748776378,
      -0.5520473300278322,
      0.5240496061679473,
      -0.5552272011918328,
      -0.5489298558712198
    ],
    [
      1.2197943005680454,
      -0.5936732264564363,
      -0.4720234108080845,
      -0.30800600926242205,
      1.689279564740148,
      -0.30126198876410165,
      -0.35751068144196874,
      -1.2810123483060127,
      1.7331330553725297,
      -1.3622211230755483,
      1.5532168839887472,
      1.569941802886254,
      -0.24105700611308145,
      1.0636996765669617,
      -0.3020375497294173,
      -0.34746041411938167,
      -0.37995921906724417,
      -0.7915682223522831,
      0.0267621343874202,
      -0.2960505774136962,
      -0.5936732264564627
    ],
    [
      2.452422396779698,
      -0.5982326080982642,
      -0.8457047447936428,
      -0.7517739555668486,
      2.248670436061385,
      -0.7433988571326633,
      -0.7112260655997849,
      -1.6647713954186663,
      2.4917208087719356,
      -1.667071152245582,
      1.959806965266327,
      2.0904313425816974,
      -0.7314640512079276,
      2.6056088586609265,
      -0.7456684471067183,
      -0.7397493371368294,
      -0.7209580135233886,
      -0.844520849708781,
      -0.041997256383387506,
      -0.7396354689777165,
      -0.5982326080982916
    ],
    [
      4.662077234557761,
      -0.6002545653314474,
      -0.7280879985970865,
      0.9362576804692756,
      2.7476644706933424,
      0.9487864787764909,
      -1.7106752315240599,
      -2.13733646000465,
      3.3586144803575446,
      -1.905296396901708,
      2.3201681894486774,
      2.59440651994683,
      1.0664996823588393,
      4.3567940365533815,
      0.9423815918789408,
      0.802878554232654,
      0.658766461927663,
      -0.8824787840506023,
      -0.07800852849094592,
      0.9484328315210352,
      -0.600254565331477
    ],
    [
      -0.019777373537354544,
      -0.5703189241745578,
      0.25751728110181615,
      0.31103930208770647,
      0.6382110647991391,
      0.31484179796450323,
      0.39204630598702406,
      -0.49919607208749095,
      0.5453771471141642,
      -0.7375728862406724,
      0.8276928716281835,
      0.6460076490236119,
      0.361741729953281,
      0.005902762963382269,
      0.31671684269461786,
      0.2702742128635321,
      0.2233730156152628,
      -0.6419356927971844,
      0.02372368441980155,
      0.3224660192386318,
      -0.5703189241746309
    ],
    [
      -0.17465510573564985,
      -0.5333026961767244,
      -0.31009162380432964,
      -0.007930853665082255,
      0.07005144320123773,
      -0.002633807522060924,
      -0.23587295523286442,
      -0.30059358521188523,
      -0.002530273929922451,
      -0.3342376384464968,
      0.22868918547578004,
      0.14262908129611035,
      0.07548130032873572,
      -0.20386117531689976,
      -0.002879113523865537,
      -0.07285219511650846,
      -0.13440836157528765,
      -0.4974263918024822,
      0.2723668667631631,
      0.002498881532420033,
      -0.5333026961768498
    ],
    [
      0.19739710101249774,
      -0.5663137087595639,
      -0.7566307417695398,
      -0.8967939017500524,
      0.5405814523585011,
      -0.8896522239150634,
      -0.4921584972209315,
      -0.6758234250021364,
      0.4726901104988844,
      -0.6934000643544632,
      0.6118015385496149,
      0.5620486016482426,
      -0.9002419978963907,
      0.15486644489844958,
      -0.8912751083264715,
      -0.8657869249060162,
      -0.8305508184710072,
      -0.6208930480481368,
      0.21142763216608218,
      -0.8855640839776131,
      -0.566313708759564
    ],
    [
      0.22710184633043157,
      -0.566638340323004,
      -0.20606187822131533,
      1.1526595514752296,
      0.5709841522780134,
      1.1605255790836195,
      -0.6779454053913126,
      -0.7316219001792874,
      0.4691687530224445,
      -0.690876101302438,
      0.5964758493177841,
      0.5876390033828967,
      1.2413717204985022,
      0.26986982491663913,
      1.158077547120447,
      1.0525371673567683,
      0.9332801400011088,
      -0.6275322669901731,
