{
  "seed": 42,
  "initial_weights": [
    [
      0.0007596873880157985,
      178.1195438739248,
      656055702.4599539,
      16710.355349600868,
      0.247565747246568,
      65523.59342157029,
      2.3149818449060877,
      3.4386041100218026,
      0.0004591059352905866,
      1.1653988990515045,
      0.3057423774458129,
      0.31785655977739974,
      126.19442740271859,
      0.0017903367124566737,
      66682.11466117635,
      18362302.459415182,
      5250271674.360108,
      7.981977137627244,
      -0.02017910342517336,
      16626.98465803099,
      4.147295369197407e-08
    ],
    [
      0.0010208862390318626,
      112.34347998196637,
      679057991.9907335,
      18461.494153347554,
      0.3073398804329083,
      72529.53387395164,
      2.3000903561979786,
      3.2717783202131834,
      0.0005871018719887833,
      1.020324316395957,
      0.3722211569323872,
      0.3762720469693437,
      132.8681527557462,
      0.0025189596838168906,
      73741.36555701803,
      21263215.665972453,
      6342508650.171389,
      5.70912979764399,
      -0.008528717063873592,
      18408.293536449233,
      2.6157803021240547e-08
    ],
    [
      0.0012982188108270833,
      67.68680001457551,
      740374978.4375043,
      21160.352635793246,
      0.3525424747630464,
      83283.15684912573,
      2.282019732874405,
      3.1451119042869986,
      0.0006851129749324515,
      0.9182749785916771,
      0.41857877186826875,
      0.4197263480818816,
      142.72995692407676,
      0.0032833852557504067,
      84575.13939478308,
      25893335.20900414,
      8160391157.507892,
      4.129749777557999,
      -0.001377042491105018,
      21127.97821123025,
      1.576004216893117e-08
    ],
    [
      0.0015776993857428549,
      86.35528690173776,
      850474827.0255649,
      23769.306593243447,
      0.3569923438151714,
      93626.8551215826,
      2.2774884521641794,
      3.1604743164227154,
      0.0007058949328321026,
      0.942307924924305,
      0.4116556891090641,
      0.420438812067062,
      151.66709922011603,
      0.003927886694710953,
      94997.33015282288,
      30616917.843522735,
      10127644418.003347,
      4.696018215524365,
      -0.004794599625434125,
      23728.928600440657,
      2.0106770637532452e-08
    ],
    [
      0.0019662471713798035,
      115.3184494485818,
      921828695.1564579,
      25301.306374001375,
      0.3717593427001927,
      99685.87547478687,
      2.277990136516482,
      3.1734859192253304,
      0.0007595265177993888,
      0.9620244832316724,
      0.41170399837257327,
      0.4280314597061326,
      156.72606986930262,
      0.00479403853812159,
      101101.89798507202,
      33469649.01215134,
      11349401107.15897,
      5.543224970988592,
      -0.00903976542324498,
      25247.869291077146,
      2.685048821592856e-08
    ],
    [
      0.0006362133563597988,
      231.93128472545584,
      592893605.9518238,
      16418.93223430868,
      0.1999356881165669,
      64330.73860630438,
      2.2920209103413054,
      3.531913526438136,
      0.0003555249867332375,
      1.2771814372290613,
      0.2458896045096817,
      0.27138104161689663,
      125.40069632976585,
      0.001530615296431497,
      65470.63443312247,
      17716834.940302856,
      4952884608.035004,
      9.826034482630453,
      -0.02925553257407924,
      16310.6554647823,
      5.400235831473603e-08
    ],
    [
      0.0009344900753018833,
      133.29674821012821,
      607282446.7522395,
      17877.868985205565,
      0.27281285974351016,
      70205.6314417608,
      2.28036398535312,
      3.3232797550772246,
      0.0005078325166308794,
      1.086737367269431,
      0.33304495372679255,
      0.34518480146379044,
      130.9397678768095,
      0.0023252738196734503,
      71389.80892015694,
      20171189.71439184,
      5883969335.920939,
      6.522324069606643,
      -0.01283514702295815,
      17815.150994671065,
      3.103651483478192e-08
    ],
    [
      0.0011715984022987963,
      67.48344607102385,
      689022138.689075,
      20419.98428417908,
      0.322088135029368,
      80351.8762115619,
      2.2714994701059337,
      3.18421520728227,
      0.0006106493299703343,
      0.9615659263119164,
      0.39041935406172557,
      0.3947873103724999,
      140.2501547910591,
      0.002942958081522962,
      81616.05423833473,
      24535713.19215161,
      7593489908.231056,
      4.321156607291132,
      -0.003410954310259061,
      20388.23838714801,
      1.5712693694408285e-08
    ],
    [
      0.0012655161800432574,
      82.03947711829686,
      874677015.4021604,
      22969.252153251662,
      0.3174483600245551,
      90448.90856215726,
      2.2913528750267456,
      3.238743634291191,
      0.0006024560927891956,
      0.9976543822676088,
      0.38191388316956476,
      0.3885670895287334,
      148.91785003898485,
      0.0031206235776303362,
      91803.46524425824,
      29192943.58994776,
      9551331953.094343,
      4.791373511782082,
      -0.006606918033544256,
      22931.51984722876,
      1.9101887201395316e-08
    ],
    [
      0.0014243260301582523,
      109.28819950347658,
      1022897444.3607279,
      24401.36961873124,
      0.3190318547301429,
      96098.21777632897,
      2.3182890845651642,
      3.3003351099782043,
      0.0006151387479936533,
      1.0360679296244095,
      0.3775628721564262,
      0.3856607967198453,
      153.47887450301377,
      0.0034408960470150283,
      97509.77670717,
      31958710.64571987,
      10779244963.402496,
      5.611668039694846,
      -0.010509917825038765,
      24351.321165360063,
      2.544641839134406e-08
    ],
    [
      0.000660729249985879,
      230.89707962052833,
      581017968.2023412,
      15765.15759254586,
      0.1962881802069968,
      61727.1567853611,
      2.2956625474511316,
      3.5411697972258205,
      0.00035034100010118295,
      1.2785549146228787,
      0.24432320685112777,
      0.26804880649610136,
      122.70760247059219,
      0.0015735892978946202,
      62844.0873318367,
      16705046.568742128,
      4590973882.647388,
      9.868960031460105,
      -0.015699628134543637,
      15654.256200946498,
      5.376155632578853e-08
    ],
    [
      0.0009492496965501756,
      145.11150173227895,
      552291759.5555055,
      16617.07840211511,
      0.2558197321981861,
      65195.27501021884,
      2.2689541317229636,
      3.350169941256115,
      0.00047265716346219715,
      1.120280968682229,
      0.31173396633220657,
      0.32942233913880165,
      126.22233209832265,
      0.002262504067900132,
      66330.83978137771,
      18062830.348637886,
      5079671192.647946,
      6.993992503901993,
      -0.008393248992784616,
      16547.418166628522,
      3.378743545271917e-08
    ],
    [
      0.0012178568854837259,
      81.26362679532622,
      594357210.3262895,
      18571.00688054733,
      0.3014767236597526,
      73014.08306817703,
      2.2481952065305655,
      3.2055143818804295,
      0.0005682953691115147,
      1.0013330622450085,
      0.36285444266781275,
      0.37605180750332634,
      133.6869643528891,
      0.002858770646165296,
      74207.22260432373,
      21316470.59367194,
      6321251834.581282,
      4.8615537830687865,
      -0.004276776578681956,
      18532.534158534625,
      1.89212399584193e-08
    ],
    [
      0.001294996166721774,
      90.60848154373996,
      792806905.0249314,
      21250.607508324385,
      0.3046848792233722,
      83627.93396898809,
      2.2730235111195713,
      3.241376091819352,
      0.0005773120718399537,
      1.014921807939033,
      0.3666607176169911,
      0.3773644356668924,
      143.057448746418,
      0.0030482411346369,
      84920.27814404541,
      26087825.00291302,
      8277956642.2407055,
      5.093483361981484,
      -0.007018842292705699,
      21208.535036677447,
      2.109707490507957e-08
    ],
    [
      0.0013705709675587523,
      105.53893514291912,
