{
  "seed": 44,
  "initial_weights": [
    [
      0.17659978283066258,
      0.6800004538658029,
      0.5911747900324714,
      0.7208625654694313,
      0.7459959883934936,
      0.8567262586895754,
      0.25029450018249066,
      0.32105924260637353,
      0.010846747042335347,
      0.8263820562315094,
      0.9525766598351757,
      0.8453547296427408,
      0.11546056672236582,
      0.9612134132667164,
      0.186258566560926,
      0.5541848500430016,
      0.30343928527129893,
      0.8306315947724663,
      0.7772231352867247,
      0.32410195104273687,
      0.8493589922264643
    ],
    [
      0.2501039985640672,
      0.13412657169001918,
      0.994618489315263,
      0.7995541104608784,
      0.7205226900132716,
      0.8882439636958892,
      0.48801777884526176,
      0.10189817513948396,
      0.5336312119504312,
      0.06271068260544677,
      0.8642332898395956,
      0.473076887755435,
      0.47349485555264903,
      0.8750047591101373,
      0.7316565935039335,
      0.9447960633,
      0.8544672882727528,
      0.21135688607187775,
      0.3275937795727898,
      0.5772968433251243,
      0.2685862596653955
    ],
    [
      0.5075410764193302,
      0.32766350802071265,
      0.7780804019360305,
      0.42151183020585525,
      0.6889155078805902,
      0.09487460664598268,
      0.4083559787953176,
      0.4085630459375452,
      0.07044062608606927,
      0.05027127307866264,
      0.7816350391143253,
      0.5742217029813199,
      0.6811857652669132,
      0.8774602613044817,
      0.8735697657682777,
      0.14868556048290327,
      0.5470660572613126,
      0.05390204360260342,
      0.8340663151115238,
      0.0031373570877074597,
      0.45809062892831853
    ],
    [
      0.4683077547536746,
      0.3980517601652621,
      0.5658938420337164,
      0.3960288389411736,
      0.3175941889937247,
      0.06912482221799454,
      0.2803284232015786,
      0.8525973618853021,
      0.7178614905252891,
      0.038884696929459284,
      0.7265731483145421,
      0.39504768925957057,
      0.17579070745200887,
      0.3784425878619909,
      0.23826610074815868,
      0.6983005943820305,
      0.2466348054016716,
      0.17981344854972936,
      0.0034118117813242144,
      0.5788786936393268,
      0.5561697884461028
    ],
    [
      0.03483256704486748,
      0.09633693612860017,
      0.24308438808654698,
      0.645538718544456,
      0.6609362303740567,
      0.4306633600480174,
      0.8952825748344566,
      0.6050351663782078,
      0.16941362193467302,
      0.9451238872564737,
      0.14526932584454344,
      0.5152892115635029,
      0.8707853819081985,
      0.11340032283788648,
      0.4564821621032097,
      0.721536669093408,
      0.682793396493275,
      0.12316526290249574,
      0.8476167111860415,
      0.07883459716195484,
      0.015646428314784244
    ],
    [
      0.21980539414367595,
      0.3601967533123259,
      0.8176796099740538,
      0.7204681455416152,
      0.3776006713297152,
      0.7995219867157826,
      0.7566261954132318,
      0.6331585959892563,
      0.772382381487133,
      0.6548948525831314,
      0.7941313601725207,
      0.6369757593883185,
      0.40161901056804294,
      0.7498137319320268,
      0.9570790301201861,
      0.7686327710486581,
      0.20278396418669775,
      0.6053208593284198,
      0.7859528282788157,
      0.6942587479901815,
      0.9948332148729824
    ],
    [
      0.02528535609260707,
      0.767141923107666,
      0.23300569006905902,
      0.6764160362755034,
      0.7779508639255235,
      0.36401708363888385,
      0.9984462254860138,
      0.095107181485377,
      0.6984889802424868,
      0.4198455890668905,
      0.33650227841186153,
      0.6104878049844352,
      0.06445815155552315,
      0.783395803135004,
      0.3644146254994648,
      0.6728603848573274,
      0.17545751635259765,
      0.8893395508676378,
      0.2086298225777541,
      0.23711107309332713,
      0.34871786371416835
    ],
    [
      0.6268772340050455,
      0.9328096766055597,
      0.6327663094769264,
      0.5297247112196207,
      0.6539549493182488,
      0.434111848231014,
      0.7528957610162583,
      0.4383988046776307,
      0.22817372247396472,
      0.17191545129792662,
      0.9721733285266331,
      0.04313847737604537,
      0.5346302039386573,
      0.8849207266313976,
      0.006564137858628083,
      0.8218233959607227,
      0.3210214809480876,
      0.1157585620985303,
      0.33926762283439904,
      0.9925312098447805,
      0.30565619641487385
    ],
    [
      0.8127604606181205,
      0.5324288484418348,
      0.22598679897079976,
      0.8830605815577126,
      0.2467279961536123,
      0.5845633630417585,
      0.6355147220752994,
      0.44338779331896594,
      0.36630281974197343,
      0.059767484573053475,
      0.2754110720879538,
      0.25954212260154375,
      0.8495797681300387,
      0.8203525023995172,
      0.8684118252464644,
      0.5617506259282516,
      0.880647059856133,
      0.3519320458361729,
      0.950398748434227,
      0.3458224907084195,
      0.7081114125223462
    ],
    [
      0.23606670833342003,
      0.738314908109662,
      0.7044565921610688,
      0.13644393272781707,
      0.2388774823141021,
      0.05448421531310388,
      0.7882909989721595,
      0.9402692604873977,
      0.04738758404312582,
      0.9347898034686818,
      0.9843078207741026,
      0.8802405287958098,
      0.07258416943123414,
      0.44156799253792767,
      0.6930031324971516,
      0.9374907000443117,
      0.4660601406232261,
      0.7550408334714677,
      0.28155282097034695,
      0.8349259528557006,
      0.31608034977241684
    ],
    [
      0.293856564114205,
      0.8540847780482873,
      0.4074567092985406,
      0.4857559784664468,
      0.879661982716308,
      0.016014961374949954,
      0.1255370714689874,
      0.9637041029468852,
      0.8755990085582275,
      0.15899433584857492,
      0.9105850791337244,
      0.613420682063298,
      0.455074288559994,
      0.884596584614201,
      0.014002410507479968,
      0.7815748774071686,
      0.6006753266181731,
      0.09292009616941277,
      0.5748253345559529,
      0.0510360616833998,
      0.4666832269490573
    ],
    [
      0.4542968990834063,
      0.6938873574315659,
      0.4825602339462546,
      0.8645205618225279,
      0.7584763685961939,
      0.0030621334246225818,
      0.5698794280832945,
      0.779817164119213,
      0.191094583410799,
      0.5025364455007191,
      0.4180114070564218,
      0.7355219411373239,
      0.8057435030418953,
      0.8606092683695513,
      0.6286843643065804,
      0.8621262875753019,
      0.02105916281751885,
      0.8729716027854336,
      0.34085458491668796,
      0.40507530500913913,
      0.9897807772990733
    ],
    [
      0.5861046084991995,
      0.7943129479570507,
      0.4336937885945268,
      0.5502560262368985,
      0.6919284501204122,
      0.7767329223838775,
      0.5396166009683528,
      0.5815094955455414,
      0.28603796372386625,
      0.4888683874630242,
      0.39432144300339456,
      0.3436071156264068,
      0.7001495316240545,
      0.9895185607350266,
      0.3800923703307896,
      0.07597853410250699,
      0.5316408397654968,
      0.7334056860423177,
      0.1677688842463284,
      0.8916650383363899,
      0.7646394178492694
    ],
    [
      0.1546907258661252,
      0.1116934245084924,
      0.014440924454955373,
      0.47866773062214096,
      0.23255447640379823,
      0.5139935108940905,
      0.6503948937142198,
      0.03510753485211737,
      0.2728001545345239,
      0.9602159328563238,
      0.6276776801403561,
      0.2533888131908877,
      0.1753043689840451,
      0.30375245324571476,
      0.47477654482034004,
      0.10303954405721893,
      0.7843787715050187,
      0.1982617263229678,
      0.753655950049911,
      0.43294700129489816,
      0.7888448145387528
    ],
    [
      0.6218507012857919,
      0.2614835529446793,
