{
  "seed": 42,
  "initial_weights": [
    [
      0.08619952277743781,
      0.9676723638525919,
      0.20103369196602516,
      0.9444081438572797,
      0.11362054033157842,
      0.6019795174076527,
      0.5586419205843518,
      0.10520922059483495,
      0.5719496151232943,
      0.40949131066789746,
      0.09064993958706036,
      0.12119540420148678,
      0.5566654352229518,
      0.41808146884078345,
      0.39144954130610554,
      0.3889427367222925,
      0.02140045038152505,
      0.5170658898970133,
      0.2622710069688232,
      0.09901957316608623,
      0.9591601856498722
    ],
    [
      0.2396198679026691,
      0.2506729110304661,
      0.7744542514426662,
      0.21246794948679126,
      0.058102046964985,
      0.3777158795865727,
      0.12345265221180934,
      0.2131846042561547,
      0.1145761953480231,
      0.43310590826560713,
      0.47758206679000315,
      0.42259556279853183,
      0.04056383705225852,
      0.6902268982833502,
      0.39211830631193845,
      0.3352670105285407,
      0.6500600715162453,
      0.05598408994431847,
      0.14092064697099826,
      0.1336216336553958,
      0.044671096853592385
    ],
    [
      0.08945792426813426,
      0.6502394307700303,
      0.10038098684738361,
      0.7962961965957519,
      0.6329386139845514,
      0.8062441134637395,
      0.3087807303499376,
      0.08418802208149712,
      0.9047393381815586,
      0.7029712624062856,
      0.24864671652809922,
      0.4605629330089117,
      0.5672081960309494,
      0.7146595277085326,
      0.394321044846057,
      0.39562110671949224,
      0.5865701209117197,
      0.6201337393197317,
      0.08631026337767933,
      0.7776449581003755,
      0.6911428490524187
    ],
    [
      0.7757500124111074,
      0.4892392907938915,
      0.857869016511941,
      0.24164730951279023,
      0.32970600153842644,
      0.22435498817721988,
      0.8675115422286234,
      0.15353510977447637,
      0.9680548095461882,
      0.05938737382854087,
      0.40543667035016895,
      0.16808059930913177,
      0.13664531055766782,
      0.7338810213910393,
      0.1761107390470723,
      0.1822035348553802,
      0.8396234189580366,
      0.4170635698689146,
      0.09261215877422802,
      0.39543928734793676,
      0.03315844254179556
    ],
    [
      0.5550719526504799,
      0.4358753468748576,
      0.2689638210460161,
      0.09075977126974488,
      0.9037422045393528,
      0.769120165606936,
      0.44644568136683027,
      0.7340837379665438,
      0.5772635415164069,
      0.30115003734105594,
      0.6096517260990277,
      0.854871856282724,
      0.006835482800869652,
      0.3652653310279448,
      0.06330574640902531,
      0.7352260342677346,
      0.3067005551144839,
      0.0996542093631636,
      0.44571264057646165,
      0.175118593612822,
      0.9620388214599679
    ],
    [
      0.668868574477154,
      0.7785886621319754,
      0.40818169972847695,
      0.9954915419472218,
      0.00873675400108187,
      0.8239601428702336,
      0.742932767595129,
      0.1584908782049509,
      0.4453679260085862,
      0.1030909256992919,
      0.8831852991447143,
      0.6397636340545784,
      0.8589345589171299,
      0.6608709580360197,
      0.24689407112041328,
      0.6587753799722503,
      0.7839354744723566,
      0.4111716513934063,
      0.9144322853889302,
      0.16086741978783914,
      0.6223918195265814
    ],
    [
      0.6970755580942687,
      0.6072414729676561,
      0.7388056259007645,
      0.9901273412062308,
      0.8192553754047924,
      0.7874897953243923,
      0.7555082775634739,
      0.3715045719649297,
      0.39774626032165084,
      0.2745487528729097,
      0.40923788680503603,
      0.8750977502431191,
      0.8992162562630458,
      0.9972079514338253,
      0.8767996663497407,
      0.05681768458202663,
      0.23938145954901202,
      0.22417535423394985,
      0.05845364351561355,
      0.841737302327925,
      0.6855292012206855
    ],
    [
      0.3687176774087053,
      0.28713067153867133,
      0.26162382726244215,
      0.565491294026367,
      0.3042784528916662,
      0.3415985706062339,
      0.5259492804154854,
      0.05229202363827612,
      0.8147578419014694,
      0.919623495531316,
      0.8961333587414709,
      0.7487478031054859,
      0.5259808465610601,
      0.6570296423450384,
      0.8851266840246448,
      0.4620342111734359,
      0.7036028205614299,
      0.6886218650996405,
      0.9499254125126808,
      0.31625379075421733,
      0.8746824761432319
    ],
    [
      0.05452115852621653,
      0.5159986342136249,
      0.571518340745306,
      0.6972589255687195,
      0.42422127950868205,
      0.13097744201737294,
      0.7272702960992923,
      0.3042883762680366,
      0.3063971482038159,
      0.8845538235936722,
      0.2396415039690789,
      0.5330201594945203,
      0.476450390349887,
      0.3750142697684701,
      0.03539228266162786,
      0.8832994321287052,
      0.15684501488022518,
      0.2603109145873417,
      0.8073470991855203,
      0.34949296157770404,
      0.7787688974379446
    ],
    [
      0.4857461225598503,
      0.6783561611040807,
      0.01006716957376641,
      0.2808001807015774,
      0.8156871382369407,
      0.9342384531304944,
      0.27219994815807946,
      0.8121010964440784,
      0.5653659626227904,
      0.5146114306825933,
      0.5591071312260005,
      0.30415521292465186,
      0.6589494008992967,
      0.8069869174465227,
      0.401210353513079,
      0.016742718485993513,
      0.27099123178089624,
      0.46590670353914887,
      0.9106435037773097,
      0.8953998777698,
      0.7935579258934803
    ],
    [
      0.7535878791100189,
      0.17374758923076083,
      0.3853945964031591,
      0.58582093995334,
      0.7161361940341935,
      0.7850537050962403,
      0.1609930725632035,
      0.016047506424537006,
      0.17680686514215327,
      0.9836686311260401,
      0.9749350645072444,
      0.7725269403467535,
      0.8068563992507477,
      0.9585589098674454,
      0.9016776878396549,
      0.7907317468492601,
      0.5139846653823711,
      0.7728723039482791,
      0.435056261958335,
      0.8004978836454286,
      0.027844377875337
    ],
    [
      0.13567170984489563,
      0.028215126906452448,
      0.5063340006493978,
      0.33155542125470594,
      0.7282827620212802,
      0.9906466413112468,
      0.3363147306907184,
      0.10909988194137932,
      0.9435618418638273,
      0.7774490919099901,
      0.6787445907285323,
      0.8821995030211811,
      0.17067858335215913,
      0.10134299538729419,
      0.7788218257663959,
      0.3184140654952595,
      0.6794025977049846,
      0.6274144471390538,
      0.5393704410324239,
      0.9644577855147909,
      0.30624724086410515
    ],
    [
      0.21633619906840007,
      0.7127551372005583,
      0.04764658196523197,
      0.3304401952630671,
      0.7096343710437449,
      0.9161072049419402,
      0.7100206904838253,
      0.5995235270675918,
      0.3520758291981527,
      0.8934490285448857,
      0.802225638065689,
      0.6147070012386451,
      0.18654593443917034,
      0.04980862990689905,
      0.46358667806101106,
      0.1753200998311708,
      0.5042504016493803,
      0.1503026082135649,
      0.5125021649585766,
      0.9189066786378824,
      0.5655354583108911
    ],
    [
      0.9790132249441225,
      0.19091620111566587,
      0.7535011086829382,
      0.1205034841089645,
      0.5506734808792602,
      0.5652108717510123,
      0.7938396187527758,
      0.9731716448063189,
      0.6981520869827078,
      0.785328002069598,
      0.8134194379431525,
      0.8689379040104284,
      0.6579394676000585,
      0.7649563305699484,
      0.3064909061697447,
      0.49795118591384835,
      0.5108846219438307,
      0.7584421066724313,
      0.7235324035655232,
      0.05316140652919399,
      0.8786881172315045
    ],
    [
      0.036253634963531955,
      0.7636023533818352,
