{
  "seed": 42,
  "initial_weights": [
    [
      0.9059647237268147,
      0.2903946247639235,
      0.776299978054515,
      0.5918717107848364,
      0.9894455505547943,
      0.75512967283077,
      0.31887785291275805,
      0.7681451165557548,
      0.42989651529082074,
      0.1575720759990581,
      0.20756852575543283,
      0.2275398047329934,
      0.3858429303169356,
      0.547879391898607,
      0.6003077624300079,
      0.5440035405673341,
      0.1696029732688622,
      0.8119646139834973,
      0.5533634955796214,
      0.4435177910230861,
      0.04551247062872854
    ],
    [
      0.6170876779217969,
      0.2655924594226853,
      0.5713996499920613,
      0.0013147256250539696,
      0.7961747016706449,
      0.8139934944020635,
      0.1262033376380408,
      0.314405612839442,
      0.8227923264959819,
      0.7137941769133886,
      0.15022803052247158,
      0.0022568447170254746,
      0.3461334621684352,
      0.9494392075683136,
      0.30676855476511666,
      0.8741019195881398,
      0.10213329898362034,
      0.9764904196629367,
      0.7926281128783808,
      0.5588384738656789,
      0.7619954810488072
    ],
    [
      0.6398704936701225,
      0.6892468376205162,
      0.4855412968321905,
      0.14389477681696294,
      0.6695292756403595,
      0.1881151028220478,
      0.8428232532462401,
      0.9758769378669688,
      0.7094692427105733,
      0.7746071582975955,
      0.23345836648579088,
      0.8758447688045734,
      0.09143270543314985,
      0.9860184041161602,
      0.9562969370077593,
      0.24370924505800762,
      0.14053521922363554,
      0.5298956443944076,
      0.7092641842757174,
      0.6586041315608733,
      0.70145221377188
    ],
    [
      0.5899417549908116,
      0.9953979866170364,
      0.3364377070998428,
      0.07742039655111677,
      0.8064409403015803,
      0.03876379897409021,
      0.5514755458679805,
      0.8902143647074627,
      0.2386012913517951,
      0.76464771502279,
      0.05199141905083071,
      0.8078623140302499,
      0.010982962795759388,
      0.9479918264215585,
      0.909371009398352,
      0.19796050402023269,
      0.9934822797741955,
      0.5712738394191937,
      0.3146141768194468,
      0.22956858482097786,
      0.038950977163498934
    ],
    [
      0.3471784190719849,
      0.4736069234593887,
      0.4040455560182926,
      0.24205596964642107,
      0.1741270875473403,
      0.22966865471280262,
      0.7195344652521034,
      0.9157391091935111,
      0.805963380422363,
      0.9959405715434898,
      0.005731015915218185,
      0.6603510046316108,
      0.1629148473501857,
      0.7048985817960463,
      0.26399501905818246,
      0.1983265642915394,
      0.0001917586965998197,
      0.9691265018736036,
      0.8516573573859243,
      0.4984711319620936,
      0.4745435076067789
    ],
    [
      0.19049304740206885,
      0.47057895479681944,
      0.07432498826105027,
      0.1925508588258772,
      0.003755411282208576,
      0.8026023074852342,
      0.7711024495096683,
      0.7054409677515388,
      0.030306541497112538,
      0.2172123035220942,
      0.45421497399894994,
      0.4571657485541176,
      0.18589005198480624,
      0.18985133937558052,
      0.03265890807458138,
      0.6998119887998439,
      0.6028131344379807,
      0.749101073228254,
      0.08732150767170033,
      0.5276919573197244,
      0.14873074829419353
    ],
    [
      0.539661556339628,
      0.5816707892526479,
      0.7324636053079059,
      0.8181405275811451,
      0.8681165721768008,
      0.03303500387972558,
      0.2413484800241067,
      0.8660941451519755,
      0.03750946447557968,
      0.2742158423002802,
      0.8454000077229225,
      0.8127094701055309,
      0.7482404542878602,
      0.9856898329968102,
      0.08514839757831827,
      0.3197112214851643,
      0.2779509837570475,
      0.7509782578249448,
      0.8434604574877808,
      0.9985376761340077,
      0.9070862375009484
    ],
    [
      0.046986277246524266,
      0.6218163202439,
      0.7174737789511686,
      0.9933464966709598,
      0.947541579773341,
      0.5166056601576153,
      0.3559202146987078,
      0.7803090314480962,
      0.4766187200999955,
      0.7194302676297931,
      0.7170326506411179,
      0.47219385473548137,
      0.8490587890687082,
      0.07378787089717176,
      0.6824952854806332,
      0.48887811241700463,
      0.3374302156716362,
      0.3906024295191093,
      0.03778779592778736,
      0.6072763568445727,
      0.1899987292879991
    ],
    [
      0.02553748355983332,
      0.15375463542030665,
      0.2839270720130712,
      0.11441738001496615,
      0.689960179809087,
      0.7829258871475077,
      0.025445742748690603,
      0.4063272889179229,
      0.7268169859896626,
      0.17447265523489763,
      0.6995348674166779,
      0.890483186794507,
      0.2506923117053682,
      0.575047882608848,
      0.8509605751125126,
      0.584108299800086,
      0.9922791932060874,
      0.3423701052066911,
      0.8191683805823458,
      0.47458985804248566,
      0.10574171607113281
    ],
    [
      0.6789954279761229,
      0.9300538624002378,
      0.3722013070044453,
      0.4000943487607329,
      0.7006595273985575,
      0.6218628805401535,
      0.9052131891549156,
      0.2127248162733546,
      0.039430176191351696,
      0.9022281281986186,
      0.9019430798254596,
      0.11320722825970764,
      0.9402182587198806,
      0.5141275485869892,
      0.7207133040166146,
      0.8877878799244832,
      0.4622808778970151,
      0.5253726719163017,
      0.5797495648404818,
      0.3623374885313895,
      0.022084147821494704
    ],
    [
      0.18685253610491448,
      0.19516666790707027,
      0.15681676386931576,
      0.4840045359261056,
      0.24476721583533245,
      0.7556704671230824,
      0.20793117304900632,
      0.9635793739539462,
      0.6834955829282299,
      0.46156203110932126,
      0.30774066652969767,
      0.5409540258400778,
      0.17022329538415926,
      0.7199240467623155,
      0.7978904760331295,
      0.7611950470965742,
      0.05253073494211902,
      0.7056935246105214,
      0.2048881915764207,
      0.6349455671817418,
      0.6542068980484465
    ],
    [
      0.4703005925748036,
      0.4278550654706691,
      0.5218276376067742,
      0.21870590432287418,
      0.5453321997390007,
      0.7199841962830669,
      0.08199498719780962,
      0.303901346281112,
      0.9489857183314923,
      0.8347816978698769,
      0.42499813258905894,
      0.16039767981600028,
      0.15647079025256305,
      0.975328124872479,
      0.3875624950527121,
      0.43237523614903395,
      0.958422378002302,
      0.30770583939730434,
      0.9362988191310742,
      0.5913843672462606,
      0.28007468804198576
    ],
    [
      0.8186473508621966,
      0.5217115397080387,
      0.6993532605721655,
      0.20182971591174093,
      0.9725196228273161,
      0.20435733301316805,
      0.7800708948127488,
      0.009858119070383031,
      0.7977955567257659,
      0.6186389135813738,
      0.7923325312579791,
      0.9026872578186697,
      0.31876240435875114,
      0.9192030905550036,
      0.4797154036441188,
      0.13997015050728778,
      0.4183045352699355,
      0.5618115641374383,
      0.6903564069667316,
      0.5830851363267481,
      0.6538213911164693
    ],
    [
      0.38331770360225237,
      0.13998972827737077,
      0.2843709180190698,
      0.23052441278413804,
      0.7552416329638056,
      0.4336958572423901,
      0.8718864560644048,
      0.06936656298619981,
      0.2187992971337973,
      0.2469585528156678,
      0.46819758392208877,
      0.5251767875212437,
      0.7638110475381047,
      0.8678901795028745,
      0.922656836134574,
      0.9847514983563032,
      0.006476559417808447,
      0.8935180155793423,
      0.33727248047409,
      0.8142569525187385,
      0.47169292618941694
    ],
    [
      0.5966434090088935,
      0.7984822697971753,
