{
  "seed": 43,
  "initial_weights": [
    [
      0.3308401050984974,
      0.04496857122460285,
      0.2108385428363505,
      0.5065449767845924,
      0.16375912284704297,
      0.8893833101726092,
      0.710309011429648,
      0.027736002539431093,
      0.8767015557252138,
      0.9773209941954688,
      0.5018615697670036,
      0.3146106775495777,
      0.2634644494000493,
      0.08741949421854867,
      0.49160937806903093,
      0.05014002210273605,
      0.5038371913275184,
      0.2525484407250931,
      0.4764319555781835,
      0.41838412634445377,
      0.3051142520043012
    ],
    [
      0.4486382395166729,
      0.4740338892456524,
      0.8336917615752386,
      0.6657833434322702,
      0.43315659768135195,
      0.9052419375757363,
      0.7557407765033082,
      0.07571689710828977,
      0.1537458292658903,
      0.08166788361087662,
      0.31886335977897884,
      0.4356466208031734,
      0.5042459227598743,
      0.851412198696779,
      0.017956285783114923,
      0.4282884057451235,
      0.4109983736821633,
      0.9474759366593022,
      0.24103691762419288,
      0.12240581190546895,
      0.142260212183976
    ],
    [
      0.5201427239278289,
      0.3909038035054664,
      0.7541420283639895,
      0.32318237215354284,
      0.12796175200235482,
      0.386875789721034,
      0.8830356173225551,
      0.4055265534210627,
      0.8336277224751479,
      0.37153008585358105,
      0.2813856239164547,
      0.7748627299053457,
      0.20923452767137662,
      0.2318307061698115,
      0.04981283807596637,
      0.18784571128199445,
      0.37881539360979866,
      0.39957269871490375,
      0.4206280869315733,
      0.4796929462353744,
      0.5719106157591509
    ],
    [
      0.18942902459545718,
      0.6139441830760658,
      0.33655458746928857,
      0.7340107351391284,
      0.5572044501863175,
      0.5542686268381061,
      0.6854869885928732,
      0.33301899095356735,
      0.42923294056147543,
      0.5828978684328819,
      0.4215556205157256,
      0.4442574744337533,
      0.27248707278904316,
      0.2873850262565758,
      0.6989574070047861,
      0.00428114202680574,
      0.0952904222083385,
      0.9488098895045057,
      0.18701808186300684,
      0.418120891874874,
      0.849685136123002
    ],
    [
      0.00010237252584688328,
      0.9251791894708498,
      0.05348862389636866,
      0.17086904952401072,
      0.029103543332409387,
      0.5195200462345985,
      0.9430943100855023,
      0.8390366115940365,
      0.6397485462646788,
      0.18548863757359701,
      0.8695970985269842,
      0.754775391136719,
      0.2668477635474832,
      0.8050891633958567,
      0.8771513380318489,
      0.6982260124296713,
      0.10038415097052822,
      0.9842468433298002,
      0.07600098896598628,
      0.6544739881502337,
      0.11052525520579626
    ],
    [
      0.9054133586208218,
      0.3499776834223788,
      0.5115030223878058,
      0.17876158436401057,
      0.5465621897831378,
      0.9388399052389893,
      0.9016330706331568,
      0.06389592020223589,
      0.37825850647433734,
      0.2674313630421663,
      0.48136147711308885,
      0.8337291623350698,
      0.7388517856494307,
      0.3439781921638474,
      0.38266582956219697,
      0.6542549920082402,
      0.19422516883264784,
      0.10272802014449134,
      0.24258846421092228,
      0.1240324313524298,
      0.35198424324732636
    ],
    [
      0.9375657840594263,
      0.12029947602516777,
      0.8183221436090667,
      0.5346480314381526,
      0.6329030765007971,
      0.17008236801808196,
      0.15137331147189448,
      0.16274367681181057,
      0.6670628763917479,
      0.747788266741729,
      0.920244944499519,
      0.3981923526671355,
      0.4619693841001401,
      0.46959501599581244,
      0.2698979027865671,
      0.32823265464399665,
      0.8468202360767562,
      0.34372218458592163,
      0.8690961019234852,
      0.3052677114830531,
      0.3398831625426503
    ],
    [
      0.5602808717789113,
      0.10312684714322584,
      0.922062267166209,
      0.8203998386385193,
      0.6705038275075773,
      0.9881250136981269,
      0.015999361346902052,
      0.4110603164323229,
      0.8583430583316742,
      0.4330172797739914,
      0.005241336809270636,
      0.15775411559595398,
      0.4340724123867524,
      0.6679478609527235,
      0.16265426838482255,
      0.4480430602983698,
      0.012788537735544225,
      0.4775005222342973,
      0.8959244762391758,
      0.59676803152359,
      0.4406556312271691
    ],
    [
      0.16225933569432438,
      0.20241856351651166,
      0.0765099500700791,
      0.7424110435606,
      0.07713527757480731,
      0.38394882873420166,
      0.7498446935127548,
      0.7128226994134951,
      0.577532166585275,
      0.5713077341260681,
      0.09032808029190609,
      0.17491527175448995,
      0.5347444571072109,
      0.3480803282555798,
      0.018937101093339015,
      0.7981667328791635,
      0.6538132671074967,
      0.3257854666690967,
      0.09820519729237398,
      0.5912007606420349,
      0.3485495685666451
    ],
    [
      0.2553893370081426,
      0.7214692530161588,
      0.3281500610494358,
      0.1360484915969128,
      0.48165374782959347,
      0.8284657882495069,
      0.8496587841996274,
      0.8493431648003485,
      0.4209198394014817,
      0.7909342112394347,
      0.85023076796546,
      0.4595382101926465,
      0.31873938892037945,
      0.7019645468105937,
      0.904469272355995,
      0.9721524851245122,
      0.2902248056771555,
      0.9561710561317173,
      0.4992822467074933,
      0.30603470430098045,
      0.9883981102235291
    ],
    [
      0.8778079751238439,
      0.6924165892752905,
      0.8949422301216396,
      0.6814878727049167,
      0.4404037984420949,
      0.9480495570540051,
      0.963247677716093,
      0.31417509728973836,
      0.3543953345633306,
      0.38272044076540457,
      0.8221459517172414,
      0.7911456508431024,
      0.9831151047561281,
      0.46521367703236005,
      0.736767094067595,
      0.8567204698454748,
      0.2212304381339767,
      0.6205554275116324,
      0.5477076763971989,
      0.7428270050004,
      0.6954279826176692
    ],
    [
      0.8127926108516373,
      0.31114519035146393,
      0.2163563916735941,
      0.8051987309074251,
      0.36056343102723,
      0.28757355792657846,
      0.3368185255268695,
      0.06635399105102746,
      0.7731443461572676,
      0.7151596585400799,
      0.55269245382874,
      0.7160849799072093,
      0.3731331667482952,
      0.29536907611037955,
      0.8623009893481458,
      0.4224545702892062,
      0.19591217178469011,
      0.7490439156123414,
      0.3358718542861926,
      0.21185130089972715,
      0.02721427771589202
    ],
    [
      0.9706017582814578,
      0.4672893839477671,
      0.16175787302793965,
      0.7578111595507295,
      0.8876511280462965,
      0.5279679925988612,
      0.028359458784542158,
      0.3651429614012456,
      0.24310163563176035,
      0.6363974698559645,
      0.5188578017517028,
      0.35573684373267034,
      0.6485051380715374,
      0.5844292820984014,
      0.906490124460262,
      0.5968029522800831,
      0.5077118847116318,
      0.8236700841540623,
      0.20241966926064325,
      0.24356461783906236,
      0.7835731351079905
    ],
    [
      0.4423502270323385,
      0.40923586209249896,
      0.8870779544778049,
      0.6101090342930682,
      0.8029091403998183,
      0.8098388706096864,
      0.12002665831176862,
      0.6537023964697036,
      0.9525163387060812,
      0.48002708962807716,
      0.7321824255223351,
      0.5667328999445128,
      0.2048459742409715,
      0.19519364571890885,
      0.4338331651859725,
      0.4829905738094238,
      0.5031324426464713,
      0.9550007575025525,
      0.10025454413747648,
      0.3805267342978286,
      0.5145474351210202
    ],
    [
      0.963112739400902,
      0.5043148170070383,
