{
  "seed": 45,
  "initial_weights": [
    [
      0.27197956652079347,
      0.23994156648092957,
      0.6640165420229414,
      0.9473382697468158,
      0.5084562657542254,
      0.42018392184492104,
      0.8302270574388397,
      0.2039864634845503,
      0.7267911055392143,
      0.8909515005073685,
      0.5730821179399598,
      0.9986502161430273,
      0.9874437751147047,
      0.4214952110059035,
      0.5181748068216628,
      0.8363733767213694,
      0.1437184262264819,
      0.27711705704119827,
      0.5367650254483044,
      0.6232466255764929,
      0.13232566090068465
    ],
    [
      0.585371236970873,
      0.751348543342776,
      0.5779228680197249,
      0.13295634536652912,
      0.9330712327037743,
      0.30595706991728167,
      0.07096575607806754,
      0.8031238972127938,
      0.38083189611871715,
      0.8863254026356239,
      0.5280449339182535,
      0.7998940737892325,
      0.8244202475126312,
      0.29102447019514044,
      0.08731871466974261,
      0.9977002040917121,
      0.458504284727941,
      0.5853877461900177,
      0.5622260472785443,
      0.7863704090553879,
      0.20248938114476112
    ],
    [
      0.757280162881557,
      0.3855216161083048,
      0.058388609226630694,
      0.2512522884479357,
      0.6107545667726817,
      0.6849302882238603,
      0.32037503878706286,
      0.7881308128707015,
      0.21945709001061697,
      0.09036806764766059,
      0.20106552976757275,
      0.6527368009642827,
      0.8565395054354102,
      0.6149765893696539,
      0.010736836130673333,
      0.07616212088459229,
      0.3432310004934208,
      0.3591222324212251,
      0.8043030155408121,
      0.154070029112093,
      0.6167242258644221
    ],
    [
      0.45988040625062543,
      0.5821867497972378,
      0.250435279364877,
      0.16876422197058116,
      0.20991396152055486,
      0.0664472735213576,
      0.07528440108233958,
      0.7136998285355857,
      0.9410397196043292,
      0.6829868367233111,
      0.49535237573180113,
      0.04748444427849041,
      0.9791585512569578,
      0.3747076905634388,
      0.10766933817025925,
      0.626908594063803,
      0.8012247628696674,
      0.7902554476286744,
      0.5272971674330894,
      0.41000382239235944,
      0.2562373461649493
    ],
    [
      0.4699770967058886,
      0.44593626620234805,
      0.17378674514327197,
      0.5042614817253431,
      0.8596756833807501,
      0.604014870560009,
      0.3890200542827643,
      0.6133574858288933,
      0.5216703436322234,
      0.44763288795761513,
      0.06410189361132035,
      0.9712090747743075,
      0.6172510527348387,
      0.37560977456198585,
      0.6867511072693965,
      0.8541173130621956,
      0.07063797293276253,
      0.8910743087678352,
      0.7313015507781188,
      0.5588288790590243,
      0.8283329454581225
    ],
    [
      0.48809157802527925,
      0.9813617346948288,
      0.8719087075410887,
      0.20299022322342608,
      0.8394828989513348,
      0.7675607936589807,
      0.5269697504358979,
      0.5282491983721153,
      0.7352153450564884,
      0.21390816301087145,
      0.2653984499989259,
      0.07124356825226952,
      0.9095798020239999,
      0.5562999110302874,
      0.7005726404326256,
      0.29468540025091283,
      0.6596801926509095,
      0.15217829982555775,
      0.8902113577368481,
      0.22177730790768546,
      0.2080297035631372
    ],
    [
      0.2985943383524037,
      0.6844651174497288,
      0.3503471143338217,
      0.44795515475694536,
      0.8921466231421932,
      0.32704551748881383,
      0.23987630465756593,
      0.6083271221725843,
      0.18775538274905978,
      0.33723783753303616,
      0.8338370772692781,
      0.5804457927766468,
      0.1561029607305564,
      0.8520543281466838,
      0.830474190362084,
      0.20638019350918868,
      0.4330782175843184,
      0.9125748826142311,
      0.36691988675923026,
      0.19992687007587118,
      0.7526676173635027
    ],
    [
      0.3308479644999369,
      0.7545370661614554,
      0.9847650112269848,
      0.8368423296111871,
      0.02637248889595112,
      0.2753428409890788,
      0.2271251055646013,
      0.6011796542293324,
      0.044872527433818976,
      0.7281626426917294,
      0.48123878099282136,
      0.44144442808570517,
      0.6987583903437818,
      0.8813590870756621,
      0.6855981629765335,
      0.33835574793575995,
      0.15789483959972517,
      0.37516920211316607,
      0.32349935862225065,
      0.31877741238145263,
      0.004888597121344707
    ],
    [
      0.39589416265619604,
      0.22626753722764803,
      0.9443791670135878,
      0.2696692709679517,
      0.8654721681245655,
      0.24824588717528706,
      0.4225970736829522,
      0.6079130790804557,
      0.6283853736710128,
      0.984459222648374,
      0.6223209286914801,
      0.4680598491122009,
      0.3918924246838932,
      0.4617148472313942,
      0.6362554968919311,
      0.5627687390251713,
      0.8849439411350031,
      0.3199675819254907,
      0.42796701869475495,
      0.9786532016807448,
      0.38005666863484633
    ],
    [
      0.4717024408478645,
      0.7145296832435906,
      0.2572865308590617,
      0.645233353422593,
      0.12393638933087292,
      0.6212857902353616,
      0.6753820745173484,
      0.5065502773144461,
      0.6137887983839807,
      0.7906541932989083,
      0.9093999176407788,
      0.8365340027609062,
      0.3704393205769704,
      0.8783876820250824,
      0.47303897619518964,
      0.09395925595348442,
      0.1102483550914537,
      0.48606153065751245,
      0.22524120490821775,
      0.6031570976139892,
      0.4051453934633482
    ],
    [
      0.4978708712809621,
      0.39868233997914226,
      0.8626271090333809,
      0.7235250811710476,
      0.36561543843279276,
      0.9299425219432017,
      0.6429433063356719,
      0.9629310142636381,
      0.2838350694310279,
      0.45997257279144155,
      0.9006857476647889,
      0.1440296893587476,
      0.21161812779730227,
      0.19506232575390392,
      0.37682994415391546,
      0.03477407894436413,
      0.36863354672230686,
      0.07852612898850109,
      0.5965616393273225,
      0.6032340968705577,
      0.7867392475384497
    ],
    [
      0.7158822795596806,
      0.6378435464342849,
      0.6025324580394412,
      0.9794055607289637,
      0.6574673218090414,
      0.6338242675563327,
      0.3000932995640956,
      0.8900746660690123,
      0.15005771293120085,
      0.19014541866833323,
      0.07265531013021598,
      0.6420388147218308,
      0.901205074977257,
      0.5313005796200594,
      0.7444230116971446,
      0.11093712226217745,
      0.5124594386776108,
      0.8065605821571369,
      0.7030685775778769,
      0.7823873736167284,
      0.36185599773372745
    ],
    [
      0.9262536866569494,
      0.06620428561401259,
      0.2938352875860567,
      0.5508346547125619,
      0.21714275656791915,
      0.607980893549604,
      0.44190191786488364,
      0.19500079339952825,
      0.8828345262709872,
      0.5749446560371838,
      0.580809571432024,
      0.030586042852881357,
      0.30229652301729804,
      0.06914761407138914,
      0.6904640983465715,
      0.342956141709285,
      0.8633174112705129,
      0.03680725191336154,
      0.023388551036734206,
      0.1178525916278853,
      0.2021956222333393
    ],
    [
      0.8400530220825235,
      0.5169473326675039,
      0.6632883939807659,
      0.3032204939419453,
      0.16966328498060956,
      0.6670523252498716,
      0.6291156415634933,
      0.7902381024466113,
      0.5961989885356801,
      0.6014057243008625,
      0.5064586522623736,
      0.4134891374244105,
      0.898439011820211,
      0.933553333116653,
      0.13782148919344073,
      0.4150422944472102,
      0.831422686500521,
      0.6765100698673242,
      0.7048145437142023,
      0.2738690408522836,
      0.0024267029353288727
    ],
    [
      0.31374292705707063,
      0.6816187896299145,
