{
  "seed": 42,
  "initial_weights": [
    [
      0.4794330931686738,
      0.13525392521171875,
      0.7144258218000111,
      0.3483620255165446,
      0.013010660048132894,
      0.09178306195228259,
      0.9248590285315804,
      0.6361213738337698,
      0.32240482636467005,
      0.02245214809422258,
      0.46912679267678015,
      0.9676239870185751,
      0.9479055813939644,
      0.43413062961893245,
      0.42292529031900805,
      0.1158411023423378,
      0.8662361380577435,
      0.2681481440680149,
      0.23506380838297825,
      0.23477354649040594,
      0.26890296774014166
    ],
    [
      0.09177916149824761,
      0.48662408330129536,
      0.9108997858656044,
      0.5102940315588481,
      0.24026045993938316,
      0.9825469647819693,
      0.06617323050988022,
      0.416055246318226,
      0.3691549544236441,
      0.49087916428933054,
      0.7789924223976367,
      0.549483847128072,
      0.11284151644166418,
      0.5312917540955819,
      0.21735712402041363,
      0.10315617034007296,
      0.7901450753113667,
      0.8872828175595626,
      0.9855214461442745,
      0.41352418849205774,
      0.2229337975855803
    ],
    [
      0.3798261560883538,
      0.3030066179062484,
      0.2810156510991104,
      0.1522242509908016,
      0.7684375272144331,
      0.9478852047843204,
      0.8351324256639441,
      0.24864559837002886,
      0.0029871562253898087,
      0.24277878954674015,
      0.049428807381960316,
      0.11481121336077127,
      0.5720895511922015,
      0.5507707729281873,
      0.03167345272189526,
      0.8104756166979381,
      0.049782996456412154,
      0.804799467255068,
      0.9703064305023571,
      0.8230940725819896,
      0.18717119221193113
    ],
    [
      0.009185422193727533,
      0.707389821705634,
      0.7282831958245023,
      0.9828827980508917,
      0.8787326450542435,
      0.5917182582452974,
      0.13413458278169632,
      0.4280321959537545,
      0.711257841078258,
      0.2206760829541521,
      0.3023271330582049,
      0.7125851119199128,
      0.8109849253363933,
      0.04193051543684534,
      0.935213558353403,
      0.9750027183285258,
      0.309035685577594,
      0.8883229072032717,
      0.015468900008126951,
      0.06547130699459147,
      0.7062753784343841
    ],
    [
      0.5041430089713121,
      0.2788792709166744,
      0.6150077915444597,
      0.6912477993740405,
      0.4196509098388317,
      0.90786897729631,
      0.4643604907746538,
      0.2700719141324692,
      0.7638153066239691,
      0.31904883471384937,
      0.6318075325327867,
      0.43385418904688733,
      0.9560329979108407,
      0.5169683326647393,
      0.8540667440451946,
      0.3596042789037269,
      0.21216749391787026,
      0.38296783958592717,
      0.9247988884384013,
      0.44747284014999755,
      0.974517071952521
    ],
    [
      0.07904737915828286,
      0.5811107160488743,
      0.6045137899528015,
      0.6121349700035847,
      0.1967094935390451,
      0.8156373028512679,
      0.4946544021678807,
      0.020433257561354945,
      0.6213390909942834,
      0.5504267515702612,
      0.35679578912985055,
      0.6767476706998616,
      0.8724077156468992,
      0.05210408279708989,
      0.4696458747088852,
      0.7040090698903013,
      0.7598664745941874,
      0.12094748792579002,
      0.9467855069118581,
      0.3619490801271682,
      0.33484800840505646
    ],
    [
      0.30274027071494336,
      0.32944678700042784,
      0.7768485676992685,
      0.006173152350875455,
      0.3273468453916215,
      0.2989385122639183,
      0.5256104787175759,
      0.7371181131082608,
      0.6525408734052325,
      0.20031892429457865,
      0.6887112284651462,
      0.7692321737665587,
      0.5802812437377541,
      0.9200088930100783,
      0.7612635774876164,
      0.5313066855680334,
      0.8383365049756187,
      0.9891991413586556,
      0.5271266361494059,
      0.9464968325369855,
      0.25433551083967065
    ],
    [
      0.9758225383285887,
      0.8084748100390892,
      0.03959517135530688,
      0.6242173851625298,
      0.16553383625792972,
      0.7159968542003184,
      0.7365475936927358,
      0.14366006527190556,
      0.19535136323857338,
      0.5948415589384297,
      0.5494882427473777,
      0.39707930374670763,
      0.5625469959986436,
      0.08811188059768815,
      0.25162605975190144,
      0.8801977853155892,
      0.9186955026737931,
      0.2952265920160623,
      0.666713289762666,
      0.3292782467578035,
      0.3419813065670225
    ],
    [
      0.22428952482882836,
      0.5376496280319074,
      0.9147240980156174,
      0.17412439783194067,
      0.8982414602307215,
      0.12827756741916363,
      0.0454090824732678,
      0.9013553405653291,
      0.21975367188347428,
      0.3367840122977578,
      0.937290927635578,
      0.39518200365203193,
      0.56221125232548,
      0.3610366798842276,
      0.4895381409585572,
      0.4922477296655684,
      0.6404085209394648,
      0.37006394947634513,
      0.31984460075410326,
      0.6425640824131481,
      0.3071221712908023
    ],
    [
      0.09404282350124371,
      0.1782082115736937,
      0.26062126720918743,
      0.33305353609989763,
      0.22286310844163637,
      0.03991461175204514,
      0.49087524328142473,
      0.3496645683029024,
      0.04342255607172485,
      0.009953227939726306,
      0.5524324231357008,
      0.61799825405681,
      0.794936909726214,
      0.38490273230965566,
      0.2073716544416867,
      0.28571848422332835,
      0.7627639959550432,
      0.4575846256978712,
      0.20907891208481377,
      0.5706128610144233,
      0.7799145981320736
    ],
    [
      0.9174268829641112,
      0.48916696273068383,
      0.5039305826643865,
      0.17865531817647018,
      0.5117235564573852,
      0.5805802450817632,
      0.4321334407574997,
      0.1165244098242828,
      0.5313334782819135,
      0.910646806461312,
      0.6876105527881675,
      0.7360799982875339,
      0.5346781054925095,
      0.5300154688011798,
      0.7324086775728775,
      0.478888570306659,
      0.2950759989277043,
      0.0579743544015463,
      0.6939949346584867,
      0.20240936936007525,
      0.5407469566566666
    ],
    [
      0.6753425375590537,
      0.7558081961437748,
      0.5646538289779451,
      0.4854266484815474,
      0.23724343580865837,
      0.45643249109346185,
      0.4026009940406775,
      0.7899846634667441,
      0.5909867223506305,
      0.6862186621309545,
      0.3245998798431121,
      0.14601146920914865,
      0.7399504395987477,
      0.7197943804104877,
      0.19394841151331965,
      0.3955856514099585,
      0.5716996170359554,
      0.579227802557981,
      0.93854118716212,
      0.8160440826215862,
      0.47769519327080423
    ],
    [
      0.81786165779055,
      0.33407388402266125,
      0.2692949871658139,
      0.9536166272242097,
      0.19876151193943215,
      0.07064412417507082,
      0.23588921295443177,
      0.9147955157788137,
      0.20254550015063144,
      0.21228381833975762,
      0.768389213461487,
      0.11486002676955331,
      0.8396939096669038,
      0.49250964275633013,
      0.9553706447145389,
      0.6845014747638835,
      0.6435776101819775,
      0.5574897311703096,
      0.934507210901632,
      0.20729800609468385,
      0.43959618472608986
    ],
    [
      0.04121655950791958,
      0.383624369242505,
      0.628862684813641,
      0.04312252301734443,
      0.01021529892838069,
      0.20604295813629836,
      0.03661740857684881,
      0.004926365199512839,
      0.6791118952666432,
      0.4785996701614982,
      0.7952078495005208,
      0.7400839058975384,
      0.908290580659,
      0.1909726785108744,
      0.7560374898086538,
      0.8183948672704565,
      0.042709349489538195,
      0.3683657042454026,
      0.3859745497642302,
      0.874631898038185,
      0.8322875116388752
    ],
    [
      0.20892381786288328,
      0.22211529085924642,
