{
  "seed": 42,
  "initial_weights": [
    [
      0.5265387823550741,
      0.43524612116097816,
      0.29033847507506694,
      0.92550258167768,
      0.213862583122571,
      0.1612091581656434,
      0.22734553954628367,
      0.2944284213095394,
      0.14801556990165132,
      0.5841549491686098,
      0.44958211474314946,
      0.6644006904309532,
      0.5097815975408919,
      0.24198775361640035,
      0.017169036877299315,
      0.9959804110851835,
      0.41770737732874863,
      0.8429981283870654,
      0.8855673590523329,
      0.4025388922288632,
      0.355174721328099
    ],
    [
      0.9767145682562375,
      0.5452801239087469,
      0.2962497219240041,
      0.9941714294714741,
      0.9482901148936832,
      0.5516289117208985,
      0.9281980055920661,
      0.728628387941127,
      0.43515360711162454,
      0.47363132765297766,
      0.028844238859475957,
      0.9771560144176124,
      0.23101634214583966,
      0.14560302035033235,
      0.048978213925239045,
      0.0036683982287782912,
      0.46699298716284177,
      0.8638006309389421,
      0.6041007358938171,
      0.20806502126571214,
      0.3124870720857975
    ],
    [
      0.7256664892352804,
      0.5341181075834808,
      0.029623129004022974,
      0.7180523282594832,
      0.29740839137654385,
      0.36072311737803653,
      0.4377411586359702,
      0.7358543319841172,
      0.3582019739475232,
      0.06727578544033941,
      0.234915584734264,
      0.998257539701155,
      0.5595575191974133,
      0.5323524886907277,
      0.3475500708018211,
      0.21515217550544097,
      0.7455590915893859,
      0.7103738948191883,
      0.20011870867804704,
      0.5877780379131592,
      0.3538867278485124
    ],
    [
      0.7489582162280088,
      0.5353785869046582,
      0.2821236399082909,
      0.36825898546147806,
      0.05532234603342434,
      0.5811700240583927,
      0.9616596074331009,
      0.6380326003702912,
      0.336932926075179,
      0.009082260954426324,
      0.1957504928851591,
      0.7880396399147277,
      0.8353139010413942,
      0.42068376694573273,
      0.2911629839303175,
      0.5290998063917823,
      0.54650772319937,
      0.5618178070754404,
      0.43550935539760904,
      0.3262408371714408,
      0.2678760593436569
    ],
    [
      0.8839483609733905,
      0.34930652709920085,
      0.8086522303173375,
      0.6976129912558297,
      0.860144271501049,
      0.5769009396979342,
      0.748480177728589,
      0.12802347097564626,
      0.6341817832375027,
      0.433029716072843,
      0.9587280557850197,
      0.4506021575479686,
      0.16131518055548477,
      0.14253921254218738,
      0.4178990963137762,
      0.9459061703406263,
      0.23640155779585803,
      0.7974524565902847,
      0.3514181815726303,
      0.4627422461367904,
      0.5571857037736861
    ],
    [
      0.28736674990875244,
      0.9525298321314433,
      0.478170319020358,
      0.3916114463724746,
      0.46468518873589937,
      0.06804521640966943,
      0.17469410535287977,
      0.5965776650704174,
      0.720597560372951,
      0.09809050027594157,
      0.19592917936922394,
      0.8365870828535384,
      0.54446258628279,
      0.3176412886080252,
      0.8500163442492474,
      0.2470592092117203,
      0.15783970675554138,
      0.8897614969923356,
      0.06024100264459198,
      0.7794085289424006,
      0.4807737153642656
    ],
    [
      0.5679074326551141,
      0.4775441382336574,
      0.7184629808398552,
      0.8045602291224794,
      0.8896461078700306,
      0.862164813158048,
      0.5956500817988597,
      0.37742399836369733,
      0.5617594797011825,
      0.638552186313442,
      0.7030949033538487,
      0.5513975550796781,
      0.7243377374833512,
      0.5902091333646463,
      0.572446345877559,
      0.6311124489096067,
      0.7631416317633342,
      0.14857046311933142,
      0.2424024108369337,
      0.6961488320408258,
      0.8648891046556059
    ],
    [
      0.9164381640297797,
      0.36647308950589563,
      0.8672997541623148,
      0.8686367561023445,
      0.48174786685391824,
      0.9096480322771376,
      0.5106665251793797,
      0.8153586504907696,
      0.2942764861277992,
      0.7453771611152323,
      0.6137611039591365,
      0.06154254733605291,
      0.492687751313596,
      0.2559287031880275,
      0.6071895454114126,
      0.2826263213408573,
      0.22074254917523217,
      0.327364842611797,
      0.8682357472152815,
      0.42592138042084104,
      0.13265838183704282
    ],
    [
      0.8196363070083533,
      0.7526741917499691,
      0.3605145043712108,
      0.7123523948302316,
      0.3934283762555354,
      0.5846509310611313,
      0.6010483859257394,
      0.6710402126705154,
      0.9996623616281114,
      0.7512832730220557,
      0.832836233015138,
      0.8902785879787646,
      0.8281109789505422,
      0.04368129891241723,
      0.18893094121618714,
      0.5418217798263425,
      0.9255139920890544,
      0.3990388887118823,
      0.8949544345783745,
      0.46405130301958475,
      0.5115855104058427
    ],
    [
      0.23811566370992854,
      0.47573247304584043,
      0.7811683467302318,
      0.4090827997298102,
      0.25805156901804194,
      0.10601965192143148,
      0.1859547938620114,
      0.34284811733155474,
      0.7910520677892167,
      0.07004065219288291,
      0.20778324381305602,
      0.471598719160079,
      0.500792071378786,
      0.815207283329974,
      0.637562718823268,
      0.5412146521737506,
      0.7933488212975202,
      0.023407218100736427,
      0.8228796909400823,
      0.5406049437305427,
      0.39096782225173055
    ],
    [
      0.22668220284299734,
      0.6881372793049847,
      0.8611371824157734,
      0.10008174818933002,
      0.7378845524849316,
      0.18859035818276104,
      0.3846343596491928,
      0.011563729642007137,
      0.314750549637725,
      0.1487728124363079,
      0.1278618410318091,
      0.1469447451415722,
      0.17053387713530943,
      0.4920337920556691,
      0.7263297187623176,
      0.2044912269470699,
      0.14471248177721363,
      0.730737684949641,
      0.04183068017211089,
      0.11893517191150071,
      0.2792255226949051
    ],
    [
      0.2787868701558194,
      0.7781632687150926,
      0.5674686411300386,
      0.26292278924689105,
      0.2863805332803764,
      0.9084861103410903,
      0.15645675457587183,
      0.3254248357095213,
      0.379324176757065,
      0.6928115464934206,
      0.7398103579956856,
      0.9572966373059827,
      0.20083943155268136,
      0.6007555018028675,
      0.07378643525103767,
      0.0698916901927994,
      0.4296198558236547,
      0.01350080379686891,
      0.9324026395548617,
      0.9235911222371208,
      0.9094394201497377
    ],
    [
      0.806652981623848,
      0.5589163058235432,
      0.2201608546281829,
      0.2429758744921643,
      0.2468185016894704,
      0.044187302119397476,
      0.7303608625536958,
      0.9176853691881607,
      0.9145587495822689,
      0.9464700158540639,
      0.8126372102124434,
      0.034101007838394426,
      0.15182193712913472,
      0.10246820449520755,
      0.5824533212532564,
      0.06335562554305985,
      0.4580451147250386,
      0.0092561126898012,
      0.3250060895583087,
      0.7517550707275841,
      0.9884340292250154
    ],
    [
      0.16966713988987392,
      0.5933275071525311,
      0.5540257606358046,
      0.8536919141507826,
      0.7759406295693563,
      0.5723143063005388,
      0.8746037454817054,
      0.3350300792235338,
      0.5393694948186859,
      0.6646221528247944,
      0.7691118954198036,
      0.8732027731459038,
      0.9319539533162807,
      0.7448134551218557,
      0.30162672197981044,
      0.12535085851468897,
      0.9141294032148763,
      0.5533846269655563,
      0.8479563334852865,
      0.20137570982629993,
      0.9161089109138497
    ],
    [
      0.3723610017112554,
      0.6113287824897143,
      0.6369534165275168,
